compound,modifier,head,frequency_class,level
Abendmahlsgottesdienst,Abendmahl,Gottesdienst,18.0,2
Abgasgrenzwert,Abgas,Grenzwert,20.0,2
Abgasturbolader,Abgas,Turbolader,21.0,2
Abgasvorschrift,Abgas,Vorschrift,19.0,2
Abwasserbehandlungsanlage,Abwasserbehandlung,Anlage,22.0,2
Abwasserreinigungsanlage,Abwasserreinigung,Anlage,18.0,2
Abwasserzweckverband,Abwasser,Zweckverband,18.0,2
Achtelfinalhinspiel,Achtelfinale,Hinspiel,nan,2
Achtelfinalrückspiel,Achtelfinale,Rückspiel,nan,2
Alleinstellungsmerkmal,Alleinstellung,Merkmal,18.0,2
Allradfahrzeug,Allrad,Fahrzeug,19.0,2
Alltagsgegenstand,Alltag,Gegenstand,17.0,2
Altlastenverdachtsfläche,Altlast,Verdachtsfläche,23.0,2
Altoberbürgermeister,alt,Oberbürgermeister,20.0,2
Altstadtrundgang,Altstadt,Rundgang,19.0,2
Arbeitgeberanteil,Arbeitgeber,Anteil,18.0,2
Arbeitnehmeranteil,Arbeitnehmer,Anteil,20.0,2
Arbeitnehmersparzulage,Arbeitnehmer,Sparzulage,20.0,2
Arbeitnehmerüberlassungsgesetz,Arbeitnehmerüberlassung,Gesetz,21.0,2
Arbeitsbeschaffungsmaßnahme,Arbeitsbeschaffung,Maßnahme,16.0,2
Arbeitskampfmaßnahme,Arbeitskampf,Maßnahme,18.0,2
Arbeitsschutzmaßnahme,Arbeitsschutz,Maßnahme,22.0,2
Arbeitsschutzvorschrift,Arbeitsschutz,Vorschrift,21.0,2
Artenschutzgesetzgebung,Artenschutz,Gesetzgebung,nan,2
Arzneimittelrichtlinie,Arzneimittel,Richtlinie,22.0,2
Arzneimittelrückstand,Arzneimittel,Rückstand,22.0,2
Asylbewerberleistungsgesetz,Asylbewerberleistung,Gesetz,18.0,2
Atomkraftwerksbetreiber,Atomkraftwerk,Betreiber,20.0,2
Atommüllendlager,Atommüll,Endlager,19.0,2
Atomwaffensperrvertrag,Atomwaffe,Sperrvertrag,16.0,2
Aufsichtsratsmitglied,Aufsichtsrat,Mitglied,16.0,2
Auftaktwochenende,Auftakt,Wochenende,20.0,2
Augenoptikerhandwerk,Augenoptiker,Handwerk,nan,2
Augenoptikfachgeschäft,Augenoptik,Fachgeschäft,nan,2
Auslandsreisekrankenversicherung,Auslandsreise,Krankenversicherung,nan,2
Autobahnabschnitt,Autobahn,Abschnitt,18.0,2
Autobahnanschlussstelle,Autobahn,Anschlussstelle,19.0,2
Autobahnbaustelle,Autobahn,Baustelle,19.0,2
Autobahndreieck,Autobahn,Dreieck,18.0,2
Autobahnkilometer,Autobahn,Kilometer,19.0,2
Autobahnparkplatz,Autobahn,Parkplatz,18.0,2
Autobahnrastplatz,Autobahn,Rastplatz,19.0,2
Autobahnraststätte,Autobahn,Raststätte,17.0,2
Autobahntankstelle,Autobahn,Tankstelle,20.0,2
Autobahnteilstück,Autobahn,Teilstück,20.0,2
Außenhandelskauffrau,Außenhandel,Kauffrau,21.0,2
Außenhandelskaufmann,Außenhandel,Kaufmann,19.0,2
Backsteinmauerwerk,Backstein,Mauerwerk,nan,2
Bahnhofsbauwerk,Bahnhof,Bauwerk,nan,2
Bahnhofsbuchhandel,Bahnhof,Buchhandel,22.0,2
Bahnhofsbuchhandlung,Bahnhof,Buchhandlung,20.0,2
Bahnhofsgaststätte,Bahnhof,Gaststätte,19.0,2
Bahnhofsneubau,Bahnhof,Neubau,21.0,2
Bahnhofsseelsorge,Bahnhof,Seelsorge,nan,2
Bahnhofsumfeld,Bahnhof,Umfeld,19.0,2
Bahnhofsvorplatz,Bahnhof,Vorplatz,15.0,2
Bahnhofsvorstadt,Bahnhof,Vorstadt,22.0,2
Bandscheibenvorfall,Bandscheibe,Vorfall,17.0,2
Baseballbundesliga,Baseball,Bundesliga,nan,2
Bauchspeicheldrüsenentzündung,Bauchspeicheldrüse,Entzündung,22.0,2
Bauchspeicheldrüsenkrebs,Bauchspeicheldrüse,Krebs,20.0,2
Baudenkmalpflege,Baudenkmal,Pflege,21.0,2
Baumwollanbau,Baumwolle,Anbau,21.0,2
Baumwollhandschuh,Baumwolle,Handschuh,22.0,2
Baumwollsamenöl,Baumwollsamen,Öl,nan,2
Baumwolltaschentuch,Baumwolle,Taschentuch,nan,2
Baumwollunterwäsche,Baumwolle,Unterwäsche,nan,2
Baustellenfahrzeug,Baustelle,Fahrzeug,20.0,2
Baustellentagebuch,Baustelle,Tagebuch,nan,2
Beamtenrechtsrahmengesetz,Beamtenrecht,Rahmengesetz,23.0,2
Beihilfevorschrift,Beihilfe,Vorschrift,23.0,2
Beiratsmitglied,Beirat,Mitglied,17.0,2
Berufsfeuerwehrfrau,Beruf,Feuerwehrfrau,nan,2
Berufsfeuerwehrmann,Beruf,Feuerwehrmann,20.0,2
Berufshaftpflichtversicherung,Beruf,Haftpflichtversicherung,nan,2
Bestandspflegemaßnahme,Bestandspflege,Maßnahme,nan,2
Betonfertigteilbauer,Betonfertigteil,Bauer,nan,2
Betriebshaftpflichtversicherung,Betrieb,Haftpflichtversicherung,22.0,2
Betriebsratsmitglied,Betriebsrat,Mitglied,18.0,2
Bildschirmarbeitsplatz,Bildschirm,Arbeitsplatz,19.0,2
Bildschirmarbeitsverordnung,Bildschirmarbeit,Verordnung,nan,2
Bildschirmeingabegerät,Bildschirm,Eingabegerät,nan,2
Biomasseheizkraftwerk,Biomasse,Heizkraftwerk,nan,3
Biomassekraftwerk,Biomasse,Kraftwerk,19.0,2
Blockheizkraftwerk,Block,Heizkraftwerk,16.0,2
Blutdruckmessgerät,Blutdruck,Messgerät,19.0,2
Blutzuckermessgerät,Blutzucker,Messgerät,20.0,2
Bodendenkmalpflege,Bodendenkmal,Pflege,19.0,2
Bodendenkmalpfleger,Bodendenkmal,Pfleger,22.0,2
Brandschutzmaßnahme,Brandschutz,Maßnahme,19.0,2
Brandschutzvorschrift,Brandschutz,Vorschrift,20.0,2
Brandverhütungsmaßnahme,Brandverhütung,Maßnahme,nan,2
Braunkohleabbaugebiet,Braunkohle,Abbaugebiet,nan,2
Braunkohlebergbau,Braunkohle,Bergbau,21.0,2
Braunkohlebergwerk,Braunkohle,Bergwerk,23.0,2
Braunkohlekraftwerk,Braunkohle,Kraftwerk,18.0,2
Brennstoffkreislauf,Brennstoff,Kreislauf,20.0,2
Brennstoffzellenauto,Brennstoffzelle,Auto,21.0,2
Brennstoffzellenfahrzeug,Brennstoffzelle,Fahrzeug,21.0,3
Bruchsteinmauerwerk,Bruchstein,Mauerwerk,nan,2
Brunnenbauerhandwerk,Brunnenbauer,Handwerk,nan,2
Buchweizenpfannkuchen,Buchweizen,Pfannkuchen,nan,2
Bugradfahrwerk,Bugrad,Fahrwerk,nan,2
Bulldoggfledermaus,Bulldogge,Fledermaus,nan,2
Bundesausbildungsförderungsgesetz,Bund,Ausbildungsförderungsgesetz,20.0,2
Bundesdatenschutzbeauftragte,Bund,Datenschutzbeauftragte,nan,2
Bundesdatenschutzgesetz,Bund,Datenschutzgesetz,19.0,2
Bundesfernstraßengesetz,Bundesfernstraße,Gesetz,23.0,2
Bundesfernstraßennetz,Bund,Fernstraßennetz,23.0,2
Bundesimmissionsschutzgesetz,Bund,Immissionsschutzgesetz,19.0,2
Bundeslandwirtschaftsminister,Bund,Landwirtschaftsminister,17.0,2
Bundeslandwirtschaftsministerium,Bund,Landwirtschaftsministerium,18.0,2
Bundesligaauftakt,Bundesliga,Auftakt,21.0,2
Bundesligaheimspiel,Bundesliga,Heimspiel,22.0,2
Bundesligaschiedsrichter,Bundesliga,Schiedsrichter,21.0,2
Bundesligaspieltag,Bundesliga,Spieltag,20.0,2
Bundesligaspitzenspiel,Bundesliga,Spitzenspiel,nan,2
Bundesligatorschützenkönig,Bundesliga,Torschützenkönig,nan,3
Bundesligawochenende,Bundesliga,Wochenende,nan,2
Bundesnaturschutzgesetz,Bund,Naturschutzgesetz,18.0,2
Bundespersonalvertretungsgesetz,Bund,Personalvertretungsgesetz,nan,2
Bundesratsmitglied,Bundesrat,Mitglied,20.0,2
Bundesrechtsanwaltskammer,Bund,Rechtsanwaltskammer,19.0,2
Bundessozialhilfegesetz,Bund,Sozialhilfegesetz,18.0,2
Bundesstaatshauptstadt,Bundesstaat,Hauptstadt,nan,2
Bundestagsdrucksache,Bundestag,Drucksache,21.0,2
Bundestagsfraktionschef,Bundestag,Fraktionschef,19.0,2
Bundestagsinnenausschuss,Bundestag,Innenausschuss,20.0,2
Bundestagsmitglied,Bundestag,Mitglied,19.0,2
Bundestagsuntersuchungsausschuss,Bundestag,Untersuchungsausschuss,22.0,2
Bundestagswahlergebnis,Bundestagswahl,Ergebnis,20.0,2
Bundestagswahljahr,Bundestag,Wahljahr,20.0,2
Bundestagswahlkampf,Bundestag,Wahlkampf,15.0,2
Bundestagswahlkreis,Bundestag,Wahlkreis,18.0,2
Bundestagswahlprogramm,Bundestagswahl,Programm,21.0,2
Bundestagswahlrecht,Bundestagswahl,Recht,22.0,2
Bundesumweltamt,Bund,Umweltamt,19.0,2
Bundesumweltminister,Bund,Umweltminister,14.0,2
Bundesumweltministerium,Bund,Umweltministerium,15.0,2
Bundesverbraucherschutzminister,Bund,Verbraucherschutzminister,nan,2
Bundesverfassungsgerichtsgesetz,Bundesverfassungsgericht,Gesetz,22.0,2
Bundesverfassungsgerichtsurteil,Bund,Verfassungsgerichtsurteil,20.0,2
Bundesverfassungsschutzgesetz,Bundesverfassungsschutz,Gesetz,23.0,2
Bundesvorstandsmitglied,Bundesvorstand,Mitglied,18.0,2
Bundeswehrfachschule,Bundeswehr,Fachschule,21.0,2
Bundeswehrfahrzeug,Bundeswehr,Fahrzeug,20.0,2
Bundeswehrkrankenhaus,Bundeswehr,Krankenhaus,18.0,2
Bundeswehrstandort,Bundeswehr,Standort,18.0,2
Bundeszahnärztekammer,Bund,Zahnärztekammer,20.0,2
Buntsandsteinfelsen,Buntsandstein,Felsen,nan,2
Busfahrplanänderung,Busfahrplan,Änderung,nan,2
Bußgeldvorschrift,Bußgeld,Vorschrift,22.0,2
Bürgermeisterwahlkampf,Bürgermeister,Wahlkampf,19.0,2
Chemienobelpreisträger,Chemie,Nobelpreisträger,23.0,2
Chipkartenlesegerät,Chipkarte,Lesegerät,nan,2
Chlorkohlenwasserstoff,Chlor,Kohlenwasserstoff,21.0,2
Christbaumsammelaktion,Christbaum,Sammelaktion,nan,2
Computerfachzeitschrift,Computer,Fachzeitschrift,24.0,2
Dachdeckerhandwerk,Dachdecker,Handwerk,19.0,2
Damenarmbanduhr,Dame,Armbanduhr,21.0,2
Dampfschifffahrtsgesellschaft,Dampfschifffahrt,Gesellschaft,22.0,2
Datenschutzrichtlinie,Datenschutz,Richtlinie,21.0,2
Datenschutzvorschrift,Datenschutz,Vorschrift,22.0,2
Datenverarbeitungskauffrau,Datenverarbeitung,Kauffrau,nan,2
Datenverarbeitungskaufmann,Datenverarbeitung,Kaufmann,22.0,2
Denkmalbaustelle,Denkmal,Baustelle,nan,2
Denkmalpflegeplan,Denkmalpflege,Plan,nan,2
Denkmalschutzamt,Denkmalschutz,Amt,19.0,2
Denkmalschutzauflage,Denkmalschutz,Auflage,21.0,2
Denkmalschutzbehörde,Denkmalschutz,Behörde,17.0,2
Denkmalschutzgesetz,Denkmalschutz,Gesetz,19.0,2
Dienstleistungsknotenpunkt,Dienstleistung,Knotenpunkt,nan,2
Dienstleistungsstandbein,Dienstleistung,Standbein,nan,2
Dienstleistungsstandort,Dienstleistung,Standort,20.0,2
Düsenverkehrsflugzeug,Düse,Verkehrsflugzeug,22.0,2
Echtzeitbetriebssystem,Echtzeit,Betriebssystem,nan,2
Echtzeitstrategiespiel,Echtzeit,Strategiespiel,nan,2
Ehegattennachzug,Ehegatte,Nachzug,21.0,2
Eigenheimzulagengesetz,Eigenheimzulage,Gesetz,21.0,2
Eigenkapitalanteil,Eigenkapital,Anteil,19.0,2
Eigenkapitalrichtlinie,Eigenkapital,Richtlinie,nan,2
Eigenkapitalvorschrift,Eigenkapital,Vorschrift,20.0,2
Einzelhandelskauffrau,Einzelhandel,Kauffrau,18.0,2
Einzelhandelskaufleute,Einzelhandel,Kaufleute,nan,2
Einzelhandelskaufmann,Einzelhandel,Kaufmann,17.0,2
Einzelhandelsstandort,Einzelhandel,Standort,20.0,2
Eisenbahnbundesamt,Eisenbahn,Bundesamt,17.0,2
Eisenbahnfahrweg,Eisenbahn,Fahrweg,nan,2
Eisenbahnfahrzeug,Eisenbahn,Fahrzeug,nan,2
Eisenbahngüterverkehr,Eisenbahn,Güterverkehr,nan,2
Eisenbahngüterwagen,Eisenbahn,Güterwagen,nan,2
Eisenbahnknotenpunkt,Eisenbahn,Knotenpunkt,19.0,2
Eisenbahnverkehrsunternehmen,Eisenbahn,Verkehrsunternehmen,nan,2
Eisenbahnwerkstätte,Eisenbahn,Werkstätte,nan,2
Eisenerzbergbau,Eisenerz,Bergbau,nan,2
Eisenerzbergwerk,Eisen,Erzbergwerk,22.0,2
Eisenerzlagerstätte,Eisenerz,Lagerstätte,nan,2
Eishockeybundesliga,Eishockey,Bundesliga,nan,2
Eishockeybundestrainer,Eishockey,Bundestrainer,nan,2
Eishockeynationalmannschaft,Eishockey,Nationalmannschaft,nan,2
Eishockeynationalspieler,Eishockey,Nationalspieler,nan,2
Eishockeyprofiliga,Eishockey,Profiliga,nan,2
Eiskunstlaufverein,Eiskunstlauf,Verein,nan,2
Eisschnelllaufeuropameisterschaft,Eisschnelllauf,Europameisterschaft,nan,2
Eiweißanteil,Eiweiß,Anteil,22.0,2
Elbsandsteingebirge,Elbe,Sandsteingebirge,19.0,2
Endlagerstandort,Endlager,Standort,20.0,2
Erbbaurechtsvertrag,Erbbaurecht,Vertrag,19.0,2
Erdbeerbaumfalter,Erdbeerbaum,Falter,nan,2
Erdbeerfingerkraut,Erdbeere,Fingerkraut,nan,2
Erdbewegungsmaschinenführer,Erdbewegung,Maschinenführer,nan,2
Erdgasfahrzeug,Erdgas,Fahrzeug,18.0,2
Erdgaslagerstätte,Erdgas,Lagerstätte,22.0,2
Erdgastankstelle,Erdgas,Tankstelle,19.0,2
Erdkampfflugzeug,Erdkampf,Flugzeug,22.0,2
Erdnussplatterbse,Erdnuss,Platterbse,nan,2
Erdöllagerstätte,Erdöl,Lagerstätte,nan,2
Erntedankgottesdienst,Erntedank,Gottesdienst,18.0,2
Europapokalwettbewerb,Europapokal,Wettbewerb,22.0,2
Fachhochschulabschluss,Fachhochschule,Abschluss,20.0,2
Fachhochschulabsolvent,Fachhochschule,Absolvent,19.0,2
Fachhochschulausbildung,Fachhochschule,Ausbildung,21.0,2
Fachhochschulreife,Fachhochschule,Reife,nan,2
Fachhochschulstudiengang,Fachhochschule,Studiengang,20.0,3
Fachhochschulstudium,Fachhochschule,Studium,19.0,2
Fachhochschulzeugnis,Fachhochschule,Zeugnis,nan,2
Fachoberschulreife,Fachoberschule,Reife,nan,2
Fachwerkbauweise,Fachwerk,Bauweise,21.0,2
Fahrbahnoberfläche,Fahrbahn,Oberfläche,20.0,2
Fahrgastaufkommen,Fahrgast,Aufkommen,19.0,2
Fahrgastbeirat,Fahrgast,Beirat,19.0,2
Fahrgeldeinnahme,Fahrgeld,Einnahme,21.0,2
Fahrradabstellanlage,Fahrrad,Abstellanlage,21.0,2
Fahrradabstellmöglichkeit,Fahrrad,Abstellmöglichkeit,nan,2
Fahrradabstellplatz,Fahrrad,Abstellplatz,20.0,2
Fahrradführerschein,Fahrrad,Führerschein,nan,2
Fahrradgepäckträger,Fahrrad,Gepäckträger,nan,2
Fahrradparkhaus,Fahrrad,Parkhaus,19.0,2
Fahrradparkplatz,Fahrrad,Parkplatz,20.0,2
Fahrradstellplatz,Fahrrad,Stellplatz,20.0,2
Fahrradsternfahrt,Fahrrad,Sternfahrt,21.0,2
Fahrradwegenetz,Fahrradweg,Netz,nan,2
Fahrradwettbewerb,Fahrrad,Wettbewerb,23.0,2
Fahrzeugbauingenieur,Fahrzeugbau,Ingenieur,nan,2
Fahrzeugbodenbelag,Fahrzeug,Bodenbelag,nan,2
Fahrzeuginnenausstattung,Fahrzeug,Innenausstattung,nan,2
Fahrzeuginnenraum,Fahrzeug,Innenraum,21.0,2
Fahrzeuginnenraumreinigung,Fahrzeuginnenraum,Reinigung,nan,3
Fahrzeugkennzeichen,Fahrzeug,Kennzeichen,nan,2
Fallschirmjägerbataillon,Fallschirmjäger,Bataillon,21.0,2
Fallschirmjägerbrigade,Fallschirmjäger,Brigade,nan,2
Fallschirmjägerdivision,Fallschirmjäger,Division,nan,2
Fallschirmjägereinheit,Fallschirmjäger,Einheit,22.0,2
Fallschirmjägerregiment,Fallschirmjäger,Regiment,23.0,2
Fallschirmjägertruppe,Fallschirmjäger,Truppe,23.0,2
Fallschirmjägerzug,Fallschirmjäger,Zug,nan,2
Faserverbundwerkstoff,Faser,Verbundwerkstoff,21.0,2
Fastnachtssonntag,Fastnacht,Sonntag,18.0,2
Feiertagsfahrverbot,Feiertag,Fahrverbot,21.0,2
Fernverkehrsbahnhof,Fernverkehr,Bahnhof,nan,2
Festnetzrufnummer,Festnetz,Rufnummer,nan,2
Festnetztelefonnummer,Festnetz,Telefonnummer,nan,2
Festplattenlaufwerk,Festplatte,Laufwerk,nan,2
Fetthennensteinbrech,Fetthenne,Steinbrech,nan,2
Fettstoffwechselstörung,Fett,Stoffwechselstörung,19.0,2
Feuerwehrdienstvorschrift,Feuerwehr,Dienstvorschrift,nan,3
Feuerwehrfahrzeug,Feuerwehr,Fahrzeug,16.0,2
Feuerwehrgerätehaus,Feuerwehr,Gerätehaus,14.0,2
Feuerwehrhauptmann,Feuerwehr,Hauptmann,20.0,2
Feuerwehrleitstelle,Feuerwehr,Leitstelle,20.0,2
Feuerwehrmitglied,Feuerwehr,Mitglied,17.0,2
Finanzdienstleistungsbereich,Finanzdienstleistung,Bereich,21.0,2
Finanzdienstleistungsunternehmen,Finanzen,Dienstleistungsunternehmen,21.0,2
Flugabwehrraketensystem,Flugabwehrrakete,System,nan,2
Fluggastaufkommen,Fluggast,Aufkommen,21.0,2
Flughafenbahnhof,Flughafen,Bahnhof,20.0,2
Flughafenfeuerwehr,Flughafen,Feuerwehr,19.0,2
Flughafengeschäftsführer,Flughafen,Geschäftsführer,nan,2
Flughafenseelsorge,Flughafen,Seelsorge,nan,2
Flugkörperschnellboot,Flugkörper,Schnellboot,nan,2
Flugzeugmutterschiff,Flugzeug,Mutterschiff,nan,2
Flugzeugtragfläche,Flugzeug,Tragfläche,nan,2
Flugzeugtreibstoff,Flugzeug,Treibstoff,22.0,2
Fluorchlorkohlenwasserstoff,Fluor,Chlorkohlenwasserstoff,18.0,3
Fluorkohlenwasserstoff,Fluor,Kohlenwasserstoff,20.0,2
Fluorwasserstoffsäure,Fluorwasserstoff,Säure,23.0,2
Flüssigkristallbildschirm,Flüssigkristall,Bildschirm,nan,2
Forstschutzmaßnahme,Forstschutz,Maßnahme,nan,2
Frauenfußballbundesliga,Frauenfußball,Bundesliga,nan,3
Frauenfußballmannschaft,Frau,Fußballmannschaft,nan,2
Frauenfußballmeisterschaft,Frauenfußball,Meisterschaft,nan,2
Frauenfußballverein,Frauenfußball,Verein,nan,2
Frauenhandballnationalmannschaft,Frau,Handballnationalmannschaft,nan,3
Freilandanbau,Freiland,Anbau,22.0,2
Freitagnachmittag,Freitag,Nachmittag,15.0,2
Freitagvormittag,Freitag,Vormittag,17.0,2
Freizeitfahrzeug,Freizeit,Fahrzeug,19.0,2
Freizeitfußball,Freizeit,Fußball,21.0,2
Freizeitsportart,Freizeit,Sportart,21.0,2
Fremdkapitalanteil,Fremdkapital,Anteil,nan,2
Fremdwährungsanleihe,Fremdwährung,Anleihe,nan,2
Friedensnobelpreisträger,Friedensnobelpreis,Träger,16.0,2
Frostschutzmaßnahme,Frostschutz,Maßnahme,nan,2
Frühjahrshochwasser,Frühjahr,Hochwasser,21.0,2
Frühjahrsvollversammlung,Frühjahr,Vollversammlung,20.0,2
Fußballbundesliga,Fußball,Bundesliga,18.0,2
Fußballbundestrainer,Fußball,Bundestrainer,22.0,2
Fußballeuropameister,Fußball,Europameister,nan,2
Fußballeuropameisterschaft,Fußball,Europameisterschaft,19.0,2
Fußballlandesliga,Fußball,Landesliga,nan,2
Fußballländerspiel,Fußball,Länderspiel,21.0,2
Fußballnationalmannschaft,Fußball,Nationalmannschaft,17.0,2
Fußballnationalspieler,Fußball,Nationalspieler,19.0,2
Fußballnationalteam,Fußball,Nationalteam,nan,2
Fußballnationaltrainer,Fußball,Nationaltrainer,22.0,2
Fußballoberliga,Fußball,Oberliga,23.0,2
Fußballregionalliga,Fußball,Regionalliga,nan,2
Fußballrekordmeister,Fußball,Rekordmeister,nan,2
Fußballschiedsrichter,Fußball,Schiedsrichter,19.0,2
Fußballtorhüter,Fußball,Torhüter,nan,2
Fußballtorwart,Fußball,Torwart,21.0,2
Fußballweltmeister,Fußball,Weltmeister,18.0,2
Fußballweltverband,Fußball,Weltverband,20.0,2
Fußballwettbewerb,Fußball,Wettbewerb,21.0,2
Fußballwettskandal,Fußball,Wettskandal,nan,2
Fußgängerüberweg,Fußgänger,Überweg,16.0,2
Fußreflexzonenmassage,Fuß,Reflexzonenmassage,19.0,2
Gartendenkmalpflege,Gartendenkmal,Pflege,21.0,2
Geburtstagsglückwunsch,Geburtstag,Glückwunsch,19.0,2
Gebärmutterhalskrebs,Gebärmutterhals,Krebs,17.0,2
Gebärmutterschleimhaut,Gebärmutter,Schleimhaut,20.0,2
Gebäudereinigerhandwerk,Gebäudereiniger,Handwerk,21.0,2
Gegenuhrzeigersinn,gegen,Uhrzeigersinn,nan,2
Geleitflugzeugträger,Geleit,Flugzeugträger,nan,2
Gemeinderatsmitglied,Gemeinderat,Mitglied,16.0,2
Gemeindesteuereinnahme,Gemeinde,Steuereinnahme,nan,2
Gemüseanbaugebiet,Gemüse,Anbaugebiet,22.0,2
Gesamtbetriebsratschef,Gesamtbetriebsrat,Chef,18.0,2
Gesamtbetriebsratsvorsitzende,Gesamtbetriebsrat,Vorsitzende,18.0,2
Gesamtbetriebsratsvorsitzender,Gesamtbetriebsrat,Vorsitzender,nan,2
Gesamtmitgliederzahl,gesamt,Mitgliederzahl,21.0,2
Gesamtsozialversicherungsbeitrag,gesamt,Sozialversicherungsbeitrag,nan,2
Geschäftsreiseflugzeug,Geschäftsreise,Flugzeug,21.0,2
Gesetzgebungsnotstand,Gesetzgebung,Notstand,23.0,2
Gewandhauskapellmeister,Gewandhaus,Kapellmeister,20.0,2
Gewerbesteueraufkommen,Gewerbe,Steueraufkommen,19.0,2
Gewerbesteuereinnahme,Gewerbesteuer,Einnahme,16.0,2
Gewerbesteuerhebesatz,Gewerbesteuer,Hebesatz,20.0,2
Gewächshausheuschrecke,Gewächshaus,Heuschrecke,nan,2
Giftnotrufzentrale,Gift,Notrufzentrale,20.0,2
Glaskeramikkochfeld,Glaskeramik,Kochfeld,nan,2
Glasmacherwerkzeug,Glasmacher,Werkzeug,nan,2
Gleichbehandlungsgrundsatz,Gleichbehandlung,Grundsatz,19.0,2
Gleichstellungsmaßnahme,Gleichstellung,Maßnahme,nan,2
Großbildleinwand,Großbild,Leinwand,16.0,2
Großhandelskauffrau,Großhandel,Kauffrau,21.0,2
Großhandelskaufmann,Großhandel,Kaufmann,19.0,2
Großhirnhemisphäre,Großhirn,Hemisphäre,nan,2
Großraumflugzeug,Großraum,Flugzeug,17.0,2
Grundlagenforschungsbedarf,Grundlagenforschung,Bedarf,nan,2
Grundstücksanteil,Grundstück,Anteil,21.0,2
Grundstückskaufvertrag,Grundstück,Kaufvertrag,21.0,2
Grundstücksverwaltungsgesellschaft,Grundstück,Verwaltungsgesellschaft,20.0,2
Grundwasserabsenkungsanlage,Grundwasserabsenkung,Anlage,nan,2
Grundwasserneubildung,Grundwasser,Neubildung,22.0,2
Grundwasserstockwerk,Grundwasser,Stockwerk,nan,2
Güterkraftverkehrsgesetz,Güterkraftverkehr,Gesetz,nan,2
Haifischflossensuppe,Haifischflosse,Suppe,22.0,2
Halbfinalhinspiel,Halbfinale,Hinspiel,21.0,2
Halbfinalrückspiel,Halbfinale,Rückspiel,21.0,2
Halbkettenfahrzeug,halb,Kettenfahrzeug,nan,2
Halbleiterbauelement,Halbleiter,Bauelement,22.0,2
Halbleiterbaustein,Halbleiter,Baustein,nan,2
Halbschwergewichtsklasse,Halbschwergewicht,Klasse,nan,2
Hallenfußballturnier,Hallenfußball,Turnier,17.0,2
Handballbundesliga,Handball,Bundesliga,21.0,2
Handballeuropameisterschaft,Handball,Europameisterschaft,nan,2
Handballnationalmannschaft,Handball,Nationalmannschaft,22.0,2
Handballnationalspieler,Handball,Nationalspieler,nan,2
Handballrekordmeister,Handball,Rekordmeister,nan,2
Handballtorwart,Handball,Torwart,nan,2
Handballweltmeister,Handball,Weltmeister,nan,2
Hauptanbaugebiet,haupt,Anbaugebiet,20.0,2
Hauptanteilseigner,haupt,Anteilseigner,19.0,2
Haupteinnahmequelle,haupt,Einnahmequelle,18.0,2
Hausmeisterehepaar,Hausmeister,Ehepaar,21.0,2
Heimvolkshochschule,Heim,Volkshochschule,19.0,2
Herrenarmbanduhr,Herr,Armbanduhr,20.0,2
Hochbaufacharbeiter,Hochbau,Facharbeiter,nan,2
Hochbaumaßnahme,Hochbau,Maßnahme,21.0,2
Hochdruckwetterlage,Hochdruck,Wetterlage,22.0,2
Hochfrequenzbauteil,Hochfrequenz,Bauteil,nan,2
Hochschulalltag,Hochschule,Alltag,22.0,2
Hochschulentwicklungsplan,Hochschule,Entwicklungsplan,22.0,2
Hochschullaufbahn,Hochschule,Laufbahn,22.0,2
Hochschulmitglied,Hochschule,Mitglied,22.0,2
Hochschulrahmengesetz,Hochschule,Rahmengesetz,17.0,2
Hochschulrektorenkonferenz,Hochschulrektor,Konferenz,17.0,2
Hochschulsportverband,Hochschule,Sportverband,21.0,2
Hochschulstandort,Hochschule,Standort,19.0,2
Hochschulzugangsberechtigung,Hochschule,Zugangsberechtigung,20.0,2
Hochseeschifffahrt,Hochsee,Schifffahrt,22.0,2
Hochwasserrückhaltebecken,Hochwasser,Rückhaltebecken,nan,2
Hochwasserschutzanlage,Hochwasserschutz,Anlage,21.0,2
Hochwasserschutzdamm,Hochwasser,Schutzdamm,nan,2
Hochwasserschutzkonzept,Hochwasserschutz,Konzept,nan,2
Hochwasserschutzmaßnahme,Hochwasserschutz,Maßnahme,18.0,3
Holzblasinstrumentenmacher,Holzblasinstrument,Macher,nan,2
Holzoberflächenveredler,Holzoberfläche,Veredler,nan,2
Holzspielzeugmacher,Holzspielzeug,Macher,nan,2
Hopfenanbaugebiet,Hopfenanbau,Gebiet,nan,2
Höhenluftkurort,Höhenluft,Kurort,23.0,2
Hörgeräteakustikerhandwerk,Hörgeräteakustiker,Handwerk,nan,3
Inschriftensteinmetz,Inschrift,Steinmetz,nan,2
Instandhaltungsmaßnahme,Instandhaltung,Maßnahme,20.0,2
Instandhaltungsrücklage,Instandhaltung,Rücklage,21.0,2
Jahresmitgliederversammlung,Jahr,Mitgliederversammlung,19.0,2
Jahresmitgliedsbeitrag,Jahr,Mitgliedsbeitrag,22.0,2
Jahresweltbestleistung,Jahr,Weltbestleistung,18.0,2
Jahrhundertbauwerk,Jahrhundert,Bauwerk,19.0,2
Jahrhunderthochwasser,Jahrhundert,Hochwasser,18.0,2
Jahrhundertjahrgang,Jahrhundert,Jahrgang,21.0,2
Johannisbeerglasflügler,Johannisbeere,Glasflügler,nan,2
Jugendarbeitsschutzgesetz,Jugendarbeit,Schutzgesetz,20.0,2
Jugendfreizeiteinrichtung,Jugend,Freizeiteinrichtung,19.0,2
Jugendfreizeitheim,Jugend,Freizeitheim,19.0,2
Jugendfreizeitstätte,Jugend,Freizeitstätte,18.0,2
Jugendfußballturnier,Jugend,Fußballturnier,19.0,2
Jungmusikerleistungsabzeichen,Jungmusiker,Leistungsabzeichen,nan,2
Juniorenfußballweltmeisterschaft,Junior,Fußballweltmeisterschaft,nan,2
Kabelleitungstiefbau,Kabelleitung,Tiefbau,nan,2
Kalksandsteinwerk,Kalksandstein,Werk,22.0,2
Kaltwasserheilanstalt,Kaltwasser,Heilanstalt,23.0,2
Kammermusikwettbewerb,Kammermusik,Wettbewerb,nan,2
Karfreitagsliturgie,Karfreitag,Liturgie,19.0,2
Kaufmannsgehilfenprüfung,Kaufmannsgehilfe,Prüfung,nan,2
Kernkraftwerksbetreiber,Kernkraftwerk,Betreiber,20.0,2
Kindergartenalltag,Kindergarten,Alltag,20.0,2
Kindertagesstättenplatz,Kindertagesstätte,Platz,21.0,2
Kirchensteueraufkommen,Kirche,Steueraufkommen,20.0,2
Kirchensteuereinnahme,Kirche,Steuereinnahme,18.0,2
Klarglasscheinwerfer,Klarglas,Scheinwerfer,nan,2
Kleintierzuchtverein,Kleintier,Zuchtverein,17.0,2
Kleintierzüchterverein,Kleintierzüchter,Verein,19.0,2
Klimaschutzmaßnahme,Klimaschutz,Maßnahme,19.0,2
Knochenmarkspenderdatei,Knochenmark,Spenderdatei,18.0,2
Kohlefaserverbundwerkstoff,Kohlefaser,Verbundwerkstoff,nan,3
Kohlenmonoxidvergiftung,Kohlenmonoxid,Vergiftung,20.0,2
Kohlenstoffkreislauf,Kohlenstoff,Kreislauf,21.0,2
Kohlenstoffmonoxid,Kohlenstoff,Monoxid,23.0,2
Kohlenwasserstoffkette,Kohlenwasserstoff,Kette,nan,2
Kohlenwasserstoffverbindung,Kohlenwasserstoff,Verbindung,21.0,2
Kompaktleuchtstofflampe,kompakt,Leuchtstofflampe,22.0,2
Konservierungsmittelrückstand,Konservierungsmittel,Rückstand,nan,2
Kopfsteinpflasterpassage,Kopfsteinpflaster,Passage,nan,2
Kopfsteinpflasterstraße,Kopfsteinpflaster,Straße,nan,2
Kopierschutzmaßnahme,kopieren,Schutzmaßnahme,nan,2
Korrosionsschutzmaßnahme,Korrosionsschutz,Maßnahme,nan,2
Kostensenkungsmaßnahme,Kostensenkung,Maßnahme,19.0,2
Kraftfahrtbundesamt,Kraftfahrt,Bundesamt,18.0,2
Kraftfahrzeugbau,Kraftfahrzeug,Bau,22.0,2
Kraftfahrzeugbrief,Kraftfahrzeug,Brief,22.0,2
Kraftfahrzeugelektriker,Kraftfahrzeug,Elektriker,22.0,2
Kraftfahrzeuggewerbe,Kraftfahrzeug,Gewerbe,19.0,2
Kraftfahrzeughaltung,Kraftfahrzeug,Haltung,nan,2
Kraftfahrzeughandel,Kraftfahrzeug,Handel,21.0,2
Kraftfahrzeughandwerk,Kraftfahrzeug,Handwerk,21.0,3
Kraftfahrzeughersteller,Kraftfahrzeug,Hersteller,20.0,2
Kraftfahrzeugindustrie,Kraftfahrzeug,Industrie,22.0,2
Kraftfahrzeuginstandsetzer,Kraftfahrzeug,Instandsetzer,nan,2
Kraftfahrzeugkennzeichen,Kraftfahrzeug,Kennzeichen,22.0,3
Kraftfahrzeugmechaniker,Kraftfahrzeug,Mechaniker,19.0,2
Kraftfahrzeugpflege,Kraftfahrzeug,Pflege,nan,2
Kraftfahrzeugschein,Kraftfahrzeug,Schein,21.0,2
Kraftfahrzeugsteuer,Kraftfahrzeug,Steuer,18.0,2
Kraftfahrzeugtechnik,Kraftfahrzeug,Technik,20.0,2
Kraftfahrzeugverkehr,Kraftfahrzeug,Verkehr,19.0,2
Kraftfahrzeugversicherung,Kraftfahrzeug,Versicherung,21.0,2
Kraftfahrzeugwesen,Kraftfahrzeug,wesen,23.0,2
Kraftfahrzeugzubehör,Kraftfahrzeug,Zubehör,nan,2
Kraftwerksneubau,Kraftwerk,Neubau,21.0,2
Kraftwerksstandort,Kraftwerk,Standort,20.0,2
Krankenhausalltag,Krankenhaus,Alltag,20.0,2
Krankenhausseelsorge,Krankenhaus,Seelsorge,19.0,2
Kreisfeuerwehrverband,Kreis,Feuerwehrverband,17.0,2
Kreislaufwirtschaftsgesetz,Kreislaufwirtschaft,Gesetz,19.0,2
Kreismitgliederversammlung,Kreis,Mitgliederversammlung,19.0,2
Kreistagsmitglied,Kreistag,Mitglied,16.0,2
Kreisvolkshochschule,Kreis,Volkshochschule,15.0,2
Kreisvorstandsmitglied,Kreisvorstand,Mitglied,19.0,2
Kriegswaffenkontrollgesetz,Kriegswaffenkontrolle,Gesetz,18.0,2
Kunststoffanteil,Kunststoff,Anteil,21.0,2
Kunststoffbearbeitungstechnik,Kunststoffbearbeitung,Technik,nan,2
Kunststofffolienkondensator,Kunststofffolie,Kondensator,nan,2
Kunststoffoberfläche,Kunststoff,Oberfläche,nan,2
Kunststoffschweißgerät,Kunststoff,Schweißgerät,nan,2
Kunstturneuropameisterschaft,Kunstturnen,Europameisterschaft,nan,2
Kurzfilmwettbewerb,Kurzfilm,Wettbewerb,20.0,2
Kurzstreckenflugzeug,Kurzstrecke,Flugzeug,nan,2
Körperfettanteil,Körperfett,Anteil,nan,2
Küstenschutzmaßnahme,Küstenschutz,Maßnahme,23.0,2
Landesbausparkasse,Land,Bausparkasse,18.0,2
Landesdatenschutzbeauftragte,Land,Datenschutzbeauftragte,nan,2
Landesdatenschutzgesetz,Land,Datenschutzgesetz,23.0,2
Landesdenkmalamt,Land,Denkmalamt,17.0,2
Landesdenkmalpflege,Land,Denkmalpflege,20.0,2
Landesdenkmalpfleger,Land,Denkmalpfleger,21.0,2
Landeselternbeirat,Land,Elternbeirat,19.0,2
Landesfeuerwehrverband,Land,Feuerwehrverband,17.0,2
Landesgleichstellungsgesetz,Land,Gleichstellungsgesetz,20.0,2
Landeshochschulgesetz,Land,Hochschulgesetz,21.0,2
Landeskirchenmusikdirektor,Landeskirche,Musikdirektor,21.0,2
Landesmitgliederversammlung,Land,Mitgliederversammlung,19.0,2
Landesnaturschutzgesetz,Land,Naturschutzgesetz,21.0,2
Landespersonalvertretungsgesetz,Land,Personalvertretungsgesetz,22.0,2
Landesrundfunkanstalt,Land,Rundfunkanstalt,19.0,2
Landestierärztekammer,Land,Tierärztekammer,nan,2
Landesumweltamt,Land,Umweltamt,18.0,2
Landesumweltminister,Land,Umweltminister,20.0,2
Landesumweltministerium,Land,Umweltministerium,19.0,2
Landesvorstandsmitglied,Landesvorstand,Mitglied,19.0,2
Landeswohlfahrtsverband,Land,Wohlfahrtsverband,17.0,2
Landtagsmitglied,Landtag,Mitglied,19.0,2
Landtagswahlkampf,Landtag,Wahlkampf,16.0,2
Landtagswahlkreis,Landtag,Wahlkreis,20.0,2
Landtagswahlprogramm,Landtag,Wahlprogramm,21.0,2
Landtagswahlrecht,Landtagswahl,Recht,21.0,2
Landvolkshochschule,Land,Volkshochschule,nan,2
Langohrfledermaus,Langohr,Fledermaus,nan,2
Langstreckenflugzeug,Langstrecke,Flugzeug,18.0,2
Laufwasserkraftwerk,Lauf,Wasserkraftwerk,21.0,2
Lebensabschnittspartner,Lebensabschnitt,Partner,21.0,2
Lebensarbeitszeitkonto,Lebensarbeitszeit,Konto,21.0,2
Lebenshaltungskostenindex,Lebenshaltungskosten,Index,22.0,2
Lebensmitteleinzelhandel,Lebensmittel,Einzelhandel,17.0,2
Lebensmitteleinzelhändler,Lebensmittel,Einzelhändler,21.0,2
Lebensmittelfarbstoff,Lebensmittel,Farbstoff,nan,2
Lebensmittelgroßhandel,Lebensmittel,Großhandel,21.0,2
Lebensmittelgutschein,Lebensmittel,Gutschein,21.0,2
Lebensmittelhandwerk,Lebensmittel,Handwerk,21.0,2
Lebensmittelzusatzstoff,Lebensmittel,Zusatzstoff,20.0,2
Lehramtsstudiengang,Lehramt,Studiengang,20.0,2
Leichtathletikeuropameisterschaft,Leichtathletik,Europameisterschaft,nan,2
Leichtathletiknationalmannschaft,Leichtathletik,Nationalmannschaft,nan,2
Leichtathletikweltrekord,Leichtathletik,Weltrekord,nan,2
Leichtathletikweltverband,Leichtathletik,Weltverband,nan,2
Leichtathletikwettbewerb,Leichtathletik,Wettbewerb,22.0,2
Leichtathletikwettkampf,Leichtathletik,Wettkampf,21.0,2
Leichtflugzeugbauer,Leichtflugzeug,Bauer,nan,2
Leuchtröhrenglasbläser,Leuchtröhre,Glasbläser,nan,2
Literaturnobelpreisträger,Literaturnobelpreis,Träger,17.0,2
Lohnsteuerjahresausgleich,Lohnsteuer,Jahresausgleich,20.0,2
Lohnsteuerrichtlinie,Lohnsteuer,Richtlinie,22.0,2
Luftbrückendenkmal,Luftbrücke,Denkmal,21.0,2
Luftfahrtbundesamt,Luftfahrt,Bundesamt,18.0,2
Luftfahrtdrehkreuz,Luftfahrt,Drehkreuz,nan,2
Luftkissenfahrzeug,Luftkissen,Fahrzeug,22.0,2
Luftverkehrskauffrau,Luftverkehr,Kauffrau,nan,2
Luftverkehrskaufmann,Luftverkehr,Kaufmann,nan,2
Luftwaffenmusikkorps,Luftwaffe,Musikkorps,20.0,2
Luftwaffenstützpunkt,Luftwaffe,Stützpunkt,17.0,2
Lärmschutzmaßnahme,Lärmschutz,Maßnahme,17.0,2
Magenschleimhautentzündung,Magenschleimhaut,Entzündung,21.0,2
Marktanteilsgewinn,Marktanteil,Gewinn,20.0,2
Mausohrfledermaus,Mausohr,Fledermaus,nan,2
Medizinnobelpreisträger,Medizinnobelpreis,Träger,nan,2
Meerwasserentsalzungsanlage,Meerwasserentsalzung,Anlage,21.0,2
Mehrwertdiensterufnummer,Mehrwertdienst,Rufnummer,nan,3
Mehrwertsteuererhöhung,Mehrwertsteuer,Erhöhung,15.0,2
Mehrwertsteuersatz,Mehrwertsteuer,Satz,16.0,2
Mehrwertsteuersenkung,Mehrwertsteuer,Senkung,nan,2
Menschenrechtsgerichtshof,Menschenrecht,Gerichtshof,19.0,2
Mietrechtsänderungsgesetz,Mietrecht,Änderungsgesetz,24.0,2
Mikrocomputerbaustein,Mikrocomputer,Baustein,nan,2
Mineralölsteuererhöhung,Mineralölsteuer,Erhöhung,19.0,2
Mineralölwirtschaftsverband,Mineralölwirtschaft,Verband,18.0,2
Miteigentumsanteil,Miteigentum,Anteil,19.0,2
Mitgliederrückgang,Mitglied,Rückgang,19.0,2
Mitgliedervollversammlung,Mitglied,Vollversammlung,19.0,2
Mitgliederzeitschrift,Mitglied,Zeitschrift,19.0,2
Mitgliedshochschule,Mitglied,Hochschule,nan,2
Mittelklassefahrzeug,Mittelklasse,Fahrzeug,21.0,2
Mittelstandsanleihe,Mittelstand,Anleihe,nan,2
Mobilfunknetzbetreiber,Mobilfunknetz,Betreiber,20.0,2
Mobilfunkrufnummer,Mobilfunk,Rufnummer,nan,2
Mobilfunktelefonnummer,Mobilfunk,Telefonnummer,nan,2
Modelleisenbahnanlage,Modelleisenbahn,Anlage,20.0,2
Motorradführerschein,Motorrad,Führerschein,20.0,2
Motorradrennfahrer,Motorrad,Rennfahrer,19.0,2
Motorradweltmeister,Motorrad,Weltmeister,nan,2
Mundartwörterbuch,Mundart,Wörterbuch,nan,2
Männerhandballnationalmannschaft,Mann,Handballnationalmannschaft,nan,3
Müllheizkraftwerk,Müll,Heizkraftwerk,18.0,2
Nachttischschublade,Nachttisch,Schublade,22.0,2
Nahbereichsnetzwerk,Nahbereich,Netzwerk,nan,2
Nahostfriedensprozess,Nahost,Friedensprozess,21.0,2
Nahrungsmittelhandwerk,Nahrungsmittel,Handwerk,20.0,2
Naturschutzbeirat,Naturschutz,Beirat,19.0,2
Naturschutzmaßnahme,Naturschutz,Maßnahme,20.0,2
Natursteinbauteil,Naturstein,Bauteil,nan,2
Naturwerksteinarbeit,Naturwerkstein,Arbeit,nan,2
Naturwerksteinbearbeitung,Naturwerkstein,Bearbeitung,nan,2
Naturwerksteinbelag,Naturwerkstein,Belag,nan,2
Naturwerksteinfassade,Naturwerkstein,Fassade,nan,2
Naturwerksteinindustrie,Naturwerkstein,Industrie,nan,2
Naturwerksteinmechaniker,Naturwerkstein,Mechaniker,nan,2
Naturwerksteinobjekt,Naturwerkstein,Objekt,nan,2
Naturwerksteinprodukt,Naturwerkstein,Produkt,nan,2
Nebenerwerbslandwirt,Nebenerwerb,Landwirt,18.0,2
Nebenerwerbslandwirtschaft,Nebenerwerb,Landwirtschaft,21.0,2
Nebenkriegsschauplatz,neben,Kriegsschauplatz,18.0,2
Netzwerkschnittstelle,Netzwerk,Schnittstelle,nan,2
Neubauabschnitt,Neubau,Abschnitt,22.0,2
Neubaumaßnahme,neu,Baumaßnahme,19.0,2
Neujahrsfeuerwerk,Neujahr,Feuerwerk,22.0,2
Neujahrsgottesdienst,Neujahr,Gottesdienst,21.0,2
Neujahrsvorsatz,Neujahr,Vorsatz,nan,2
Nichtraucherschutzgesetz,Nichtraucherschutz,Gesetz,17.0,2
Nordseeheilbad,Nordsee,Heilbad,21.0,2
Notfallkrankenwagen,Notfall,Krankenwagen,nan,2
Notfallmaßnahme,Notfall,Maßnahme,20.0,2
Notfallseelsorge,Notfall,Seelsorge,19.0,2
Nothilfemaßnahme,Nothilfe,Maßnahme,nan,2
Notstandsgesetzgebung,Notstand,Gesetzgebung,21.0,2
Nutzfahrzeugbau,Nutzfahrzeug,Bau,23.0,2
Nutzfahrzeugbereich,Nutzfahrzeug,Bereich,20.0,2
Nutzfahrzeuggeschäft,Nutzfahrzeug,Geschäft,19.0,2
Nutzfahrzeughersteller,Nutzfahrzeug,Hersteller,18.0,2
Nutzfahrzeugindustrie,Nutzfahrzeug,Industrie,21.0,2
Nutzfahrzeugmarkt,Nutzfahrzeug,Markt,21.0,2
Nutzfahrzeugreifen,Nutzfahrzeug,Reifen,nan,2
Nährstoffkreislauf,Nährstoff,Kreislauf,nan,2
Oberbergamtsbezirk,Oberbergamt,Bezirk,nan,2
Oberbürgermeisteramt,Oberbürgermeister,Amt,19.0,2
Oberbürgermeisterkandidat,Oberbürgermeister,Kandidat,18.0,2
Oberbürgermeisterwahl,Oberbürgermeister,Wahl,17.0,2
Oberbürgermeisterwahlkampf,Oberbürgermeister,Wahlkampf,21.0,3
Oberflächenbehandlungsverfahren,Oberflächenbehandlung,Verfahren,nan,2
Oberklassefahrzeug,Oberklasse,Fahrzeug,nan,2
Oberschenkelhalsbruch,Oberschenkelhals,Bruch,18.0,2
Obstanbaugebiet,Obstanbau,Gebiet,20.0,2
Ortsnetzkennzahl,Ortsnetz,Kennzahl,22.0,2
Ostseeautobahn,Ostsee,Autobahn,19.0,2
Patentanwaltsfachangestellter,Patentanwalt,Fachangestellter,nan,2
Personalratsmitglied,Personalrat,Mitglied,21.0,2
Personenkraftwagentechnik,Personenkraftwagen,Technik,nan,2
Pfarrgemeinderatswahl,Pfarrgemeinderat,Wahl,18.0,2
Pflanzenschutzmaßnahme,Pflanzenschutz,Maßnahme,21.0,2
Physiknobelpreisträger,Physiknobelpreis,Träger,22.0,2
Polizeidienstvorschrift,Polizei,Dienstvorschrift,24.0,2
Polizeifachhochschule,Polizei,Fachhochschule,22.0,2
Postverkehrskauffrau,Postverkehr,Kauffrau,nan,2
Postverkehrskaufmann,Postverkehr,Kaufmann,nan,2
Privathaftpflichtversicherung,privat,Haftpflichtversicherung,20.0,2
Profifußballspieler,Profi,Fußballspieler,nan,2
Prozesskostenbeihilfe,Prozesskosten,Beihilfe,22.0,2
Pumpspeicherkraftwerk,Pumpe,Speicherkraftwerk,nan,2
Qualitätssicherungsmaßnahme,Qualitätssicherung,Maßnahme,nan,2
Quecksilberdampflampe,Quecksilberdampf,Lampe,22.0,2
Radsportweltverband,Radsport,Weltverband,nan,2
Radverkehrsanteil,Radverkehr,Anteil,nan,2
Rainfarnblattkäfer,Rainfarn,Blattkäfer,nan,2
Rathausinnenhof,Rathaus,Innenhof,nan,2
Rathausneubau,Rathaus,Neubau,19.0,2
Rathausvorplatz,Rathaus,Vorplatz,18.0,2
Rauchgasentschwefelungsanlage,Rauchgas,Entschwefelungsanlage,21.0,2
Raumfahrtbahnhof,Raumfahrt,Bahnhof,21.0,2
Rechnungslegungsvorschrift,Rechnungslegung,Vorschrift,21.0,2
Rechteckquerschnitt,Rechteck,Querschnitt,nan,2
Rechtsanwaltsfachangestellter,Rechtsanwalt,Fachangestellter,nan,2
Regenwassernutzungsanlage,Regenwassernutzung,Anlage,20.0,2
Reichsbahnausbesserungswerk,Reichsbahn,Ausbesserungswerk,21.0,2
Reichsluftfahrtministerium,Reich,Luftfahrtministerium,20.0,2
Reichsparteitagsgelände,Reichsparteitag,Gelände,17.0,2
Reichsstrafgesetzbuch,Reich,Strafgesetzbuch,23.0,2
Reisebürokauffrau,Reisebüro,Kauffrau,nan,2
Reisebürokaufmann,Reisebüro,Kaufmann,nan,2
Reiserücktrittsversicherung,Reiserücktritt,Versicherung,20.0,2
Reiseverkehrskauffrau,Reiseverkehr,Kauffrau,20.0,2
Reiseverkehrskaufmann,Reiseverkehr,Kaufmann,20.0,2
Richtlinienvorschlag,Richtlinie,Vorschlag,20.0,2
Roggenvollkornmehl,Roggen,Vollkornmehl,nan,2
Rundfunkgebührenstaatsvertrag,Rundfunkgebühr,Staatsvertrag,nan,3
Rundfunkstaatsvertrag,Rundfunk,Staatsvertrag,18.0,2
Rückrundenauftakt,Rückrunde,Auftakt,17.0,2
Rückrundenspieltag,Rückrunde,Spieltag,19.0,2
Saisonkurzarbeitergeld,Saison,Kurzarbeitergeld,nan,2
Sauerstoffanteil,Sauerstoff,Anteil,21.0,2
Schadensbegrenzungsmaßnahme,Schadensbegrenzung,Maßnahme,nan,2
Schadstoffgrenzwert,Schadstoff,Grenzwert,21.0,2
Schallschutzmaßnahme,Schallschutz,Maßnahme,19.0,2
Schienenfahrzeugbau,Schiene,Fahrzeugbau,21.0,2
Schienenpersonennahverkehr,Schiene,Personennahverkehr,18.0,2
Schifffahrtskauffrau,Schifffahrt,Kauffrau,nan,2
Schifffahrtskaufmann,Schifffahrt,Kaufmann,23.0,2
Schifffahrtspolizeiverordnung,Schifffahrtspolizei,Verordnung,nan,2
Schilddrüsenunterfunktion,Schilddrüse,Unterfunktion,21.0,2
Schilddrüsenüberfunktion,Schilddrüse,Überfunktion,21.0,2
Schneidwerkzeugmechaniker,Schneidwerkzeug,Mechaniker,nan,2
Schreibtischschublade,Schreibtisch,Schublade,19.0,2
Schuhmacherhandwerk,Schuhmacher,Handwerk,21.0,2
Schulbushaltestelle,Schulbus,Haltestelle,19.0,2
Schwarzmeerhalbinsel,Schwarzmeer,Halbinsel,nan,2
Schwergewichtsweltmeister,Schwergewicht,Weltmeister,19.0,2
Seenotrettungsdienst,Seenot,Rettungsdienst,21.0,2
Seenotrettungskreuzer,Seenotrettung,Kreuzer,20.0,2
Selbstbedienungstankstelle,Selbstbedienung,Tankstelle,nan,2
Selbsthilfekontaktstelle,Selbsthilfe,Kontaktstelle,20.0,2
Seniorenfreizeitstätte,Senior,Freizeitstätte,19.0,2
Softwareentwicklerarbeitsplatz,Softwareentwickler,Arbeitsplatz,nan,2
Sonnabendnachmittag,Sonnabend,Nachmittag,19.0,2
Sonnabendvormittag,Sonnabend,Vormittag,20.0,2
Sonnenuntergangsstimmung,Sonnenuntergang,Stimmung,nan,2
Sonnenwendwolfsmilch,Sonnenwende,Wolfsmilch,nan,2
Sonntagnachmittag,Sonntag,Nachmittag,14.0,2
Sonntagsfahrverbot,Sonntag,Fahrverbot,19.0,2
Sonntagsfrühstück,Sonntag,Frühstück,20.0,2
Sonntagsgottesdienst,Sonntag,Gottesdienst,17.0,2
Sonntagvormittag,Sonntag,Vormittag,16.0,2
Sozialversicherungsfachangestellter,Sozialversicherung,Fachangestellter,nan,2
Spargelanbaugebiet,Spargelanbau,Gebiet,nan,2
Spielzeugeisenbahn,Spielzeug,Eisenbahn,20.0,2
Spielzeugrennbahn,Spielzeug,Rennbahn,nan,2
Spitzenlastkraftwerk,Spitzenlast,Kraftwerk,23.0,2
Sportbootführerschein,Sportboot,Führerschein,20.0,2
Sprichwortwörterbuch,Sprichwort,Wörterbuch,nan,2
Stadtbahnhaltestelle,Stadtbahn,Haltestelle,20.0,2
Stadtratsmitglied,Stadtrat,Mitglied,16.0,2
Stadtteilbeirat,Stadtteil,Beirat,21.0,2
Stahlbetonbauweise,Stahlbeton,Bauweise,nan,2
Stahlbetonfertigteil,Stahlbeton,Fertigteil,nan,2
Stahlskelettbauweise,Stahl,Skelettbauweise,23.0,2
Standortvorteil,Standort,Vorteil,16.0,2
Standortwettbewerb,Standort,Wettbewerb,18.0,2
Standortübungsplatz,Standort,Übungsplatz,20.0,2
Steinbildhauerarbeit,Steinbildhauer,Arbeit,nan,2
Steinbildhauerhandwerk,Steinbildhauer,Handwerk,nan,3
Steinkohlebergbau,Steinkohle,Bergbau,18.0,2
Steinkohlekraftwerk,Steinkohle,Kraftwerk,18.0,2
Steinkohlenbergwerk,Steinkohle,Bergwerk,23.0,2
Steinmetzwerkzeug,Steinmetz,Werkzeug,nan,2
Steuermehreinnahme,Steuer,Mehreinnahme,17.0,2
Steuermindereinnahme,Steuer,Mindereinnahme,19.0,2
Stimmrechtsanteil,Stimmrecht,Anteil,19.0,2
Strafrechtsänderungsgesetz,Strafrecht,Änderungsgesetz,20.0,2
Strafverfolgungsmaßnahme,Strafverfolgung,Maßnahme,22.0,2
Straßenbahnfahrzeug,Straßenbahn,Fahrzeug,nan,2
Straßenbahnhaltestelle,Straßenbahn,Haltestelle,17.0,2
Straßenbaumaßnahme,Straßenbau,Maßnahme,17.0,2
Straßenpersonennahverkehr,Straße,Personennahverkehr,nan,2
Straßenverkehrsordnungsverbot,Straßenverkehrsordnung,Verbot,nan,2
Streuobstanbau,Streuobst,Anbau,nan,2
Strickleiternervensystem,Strickleiter,Nervensystem,nan,2
Studentenverbindungsmitglied,Studentenverbindung,Mitglied,nan,2
Sturzkampfflugzeug,Sturz,Kampfflugzeug,nan,2
Städtebaufördermittel,Städtebau,Fördermittel,21.0,2
Städtebauförderungsprogramm,Städtebauförderung,Programm,20.0,2
Südwestfriedhof,Südwesten,Friedhof,nan,2
Süßwasserzierfisch,Süßwasser,Zierfisch,nan,2
Tageskilometerzähler,Tag,Kilometerzähler,23.0,2
Tanklöschfahrzeug,Tank,Löschfahrzeug,16.0,2
Tatbestandsmerkmal,Tatbestand,Merkmal,20.0,2
Teilzeitarbeitsplatz,Teilzeit,Arbeitsplatz,18.0,2
Teledienstedatenschutzgesetz,Teledienst,Datenschutzgesetz,nan,3
Telekommunikationsdienstleistung,Telekommunikation,Dienstleistung,20.0,2
Tiefbauamtsleiter,Tiefbauamt,Leiter,20.0,2
Tiefbaufacharbeiter,Tiefbau,Facharbeiter,nan,2
Tiefbaumaßnahme,Tiefbau,Maßnahme,20.0,2
Tiefgaragenstellplatz,Tiefgarage,Stellplatz,22.0,2
Tieflandregenwald,Tiefland,Regenwald,nan,2
Tierkörperbeseitigungsanstalt,Tierkörperbeseitigung,Anstalt,20.0,2
Tischtennisbundesliga,Tischtennis,Bundesliga,nan,2
Tollwutimpfstoff,Tollwut,Impfstoff,nan,2
Tonfilmzeitalter,Tonfilm,Zeitalter,nan,2
Torwarthandschuh,Torwart,Handschuh,20.0,2
Treibhausgasemission,Treibhausgas,Emission,18.0,2
Triebfahrzeugführer,Triebfahrzeug,Führer,20.0,2
Trinkwasseraufbereitungsanlage,Trinkwasseraufbereitung,Anlage,20.0,2
Trinkwasserschutzgebiet,Trinkwasser,Schutzgebiet,20.0,2
Uhrmacherhandwerk,Uhrmacher,Handwerk,22.0,2
Umweltbeirat,Umwelt,Beirat,21.0,2
Umweltbundesamt,Umwelt,Bundesamt,15.0,2
Umweltfachkraft,Umwelt,Fachkraft,nan,2
Umweltforschungszentrum,Umweltforschung,Zentrum,21.0,2
Umweltgesetzbuch,Umwelt,Gesetzbuch,19.0,2
Umweltgesetzgebung,Umwelt,Gesetzgebung,20.0,2
Umweltgesichtspunkt,Umwelt,Gesichtspunkt,20.0,2
Umweltmanagementsystem,Umweltmanagement,System,19.0,2
Umweltmaßnahme,Umwelt,Maßnahme,19.0,2
Umweltministerkonferenz,Umweltminister,Konferenz,20.0,2
Umweltrichtlinie,Umwelt,Richtlinie,21.0,2
Umweltschadstoff,Umwelt,Schadstoff,20.0,2
Umweltschutzaktion,Umweltschutz,Aktion,21.0,2
Umweltschutzamt,Umweltschutz,Amt,19.0,2
Umweltschutzauflage,Umweltschutz,Auflage,20.0,2
Umweltschutzbeauftragte,Umweltschutz,Beauftragte,20.0,2
Umweltschutzbehörde,Umweltschutz,Behörde,19.0,2
Umweltschutzbestimmung,Umweltschutz,Bestimmung,20.0,2
Umweltschutzbewegung,Umweltschutz,Bewegung,20.0,2
Umweltschutzgesetz,Umweltschutz,Gesetz,19.0,2
Umweltschutzgruppe,Umweltschutz,Gruppe,18.0,2
Umweltschutzmaßnahme,Umweltschutz,Maßnahme,18.0,3
Umweltschutzorganisation,Umweltschutz,Organisation,15.0,2
Umweltschutzpolitik,Umweltschutz,Politik,21.0,2
Umweltschutzprojekt,Umweltschutz,Projekt,20.0,2
Umweltschutzstandard,Umweltschutz,Standard,22.0,2
Umweltschutztechnik,Umweltschutz,Technik,21.0,2
Umweltschutzverband,Umweltschutz,Verband,18.0,2
Umweltschutzvorschrift,Umweltschutz,Vorschrift,21.0,3
Umweltstaatssekretär,Umwelt,Staatssekretär,18.0,2
Umweltstadtrat,Umwelt,Stadtrat,17.0,2
Umweltstrafrecht,Umwelt,Strafrecht,21.0,2
Umweltvorschrift,Umwelt,Vorschrift,19.0,2
Umweltvorteil,Umwelt,Vorteil,21.0,2
Unfallverhütungsvorschrift,Unfallverhütung,Vorschrift,19.0,2
Unterhautfettgewebe,Unterhaut,Fettgewebe,nan,2
Verkaufsförderungsmaßnahme,Verkaufsförderung,Maßnahme,nan,2
Verwaltungsfachhochschule,Verwaltung,Fachhochschule,20.0,2
Verwaltungsratsmitglied,Verwaltungsrat,Mitglied,18.0,2
Viertelfinalrückspiel,Viertelfinale,Rückspiel,nan,2
Vierteljahreszeitschrift,Vierteljahr,Zeitschrift,21.0,2
Vogelschutzrichtlinie,Vogelschutz,Richtlinie,19.0,2
Volkshochschulkurs,Volkshochschule,Kurs,18.0,2
Volkshochschulleiter,Volkshochschule,Leiter,22.0,2
Volkshochschulverband,Volkshochschule,Verband,20.0,2
Volleyballbundesliga,Volleyball,Bundesliga,nan,2
Vollzeitarbeitsplatz,Vollzeit,Arbeitsplatz,19.0,2
Vorjahreshalbjahr,Vorjahr,Halbjahr,21.0,2
Vorjahreszeitraum,Vorjahr,Zeitraum,14.0,2
Vorortbahnhof,Vorort,Bahnhof,22.0,2
Vorruhestandsregelung,Vorruhestand,Regelung,17.0,2
Vorrundenspieltag,Vorrunde,Spieltag,19.0,2
Völkerstrafgesetzbuch,Volk,Strafgesetzbuch,nan,2
Wachstuchtischdecke,Wachstuch,Tischdecke,nan,2
Wahlkampfauftakt,Wahlkampf,Auftakt,17.0,2
Wahlkampfendspurt,Wahlkampf,Endspurt,21.0,2
Wahlkampfkostenerstattung,Wahlkampf,Kostenerstattung,19.0,2
Wasserrahmenrichtlinie,Wasser,Rahmenrichtlinie,20.0,2
Wasserstoffverbrennungsmotor,Wasserstoff,Verbrennungsmotor,nan,2
Wehrmachtsbefehlshaber,Wehrmacht,Befehlshaber,nan,2
Weinanbaufläche,Weinanbau,Fläche,nan,2
Weinanbaugebiet,Weinanbau,Gebiet,17.0,2
Weizenvollkornmehl,Weizen,Vollkornmehl,22.0,2
Weißwurstfrühstück,Weißwurst,Frühstück,nan,2
Weltfußballverband,Welt,Fußballverband,18.0,2
Weltjahresbestleistung,Welt,Jahresbestleistung,19.0,2
Weltjahresbestzeit,Welt,Jahresbestzeit,19.0,2
Weltkulturerbeliste,Weltkulturerbe,Liste,nan,2
Weltmarktanteil,Weltmarkt,Anteil,17.0,2
Weltranglistendritte,Weltrangliste,Dritte,nan,2
Weltranglistenplatz,Weltrang,Listenplatz,19.0,2
Weltranglistenposition,Weltrangliste,Position,20.0,2
Weltranglistenpunkt,Weltrangliste,Punkt,18.0,2
Weltranglistenspitze,Weltrangliste,Spitze,nan,2
Weltraumbahnhof,Weltraum,Bahnhof,17.0,2
Weltraumfahrzeug,Weltraum,Fahrzeug,23.0,2
Weltraumzeitalter,Weltraum,Zeitalter,nan,2
Weltumwelttag,Welt,Umwelttag,nan,2
Weltuntergangsstimmung,Weltuntergang,Stimmung,19.0,2
Werkschutzfachkraft,Werkschutz,Fachkraft,nan,2
Werkzeugmaschinenbau,Werkzeugmaschine,Bau,19.0,2
Werkzeugmaschinenfabrik,Werkzeugmaschine,Fabrik,20.0,2
Werkzeugmaschinenhersteller,Werkzeugmaschine,Hersteller,20.0,2
Werkzeugmaschinenindustrie,Werkzeugmaschine,Industrie,21.0,2
Wertpapierhandelsbank,Wertpapier,Handelsbank,20.0,2
Wertpapierhandelsgesetz,Wertpapierhandel,Gesetz,19.0,2
Wertpapierhandelsunternehmen,Wertpapier,Handelsunternehmen,nan,2
Wertstoffkreislauf,Wertstoff,Kreislauf,22.0,2
Wettbewerbsfahrzeug,Wettbewerb,Fahrzeug,nan,2
Wettbewerbsumfeld,Wettbewerb,Umfeld,20.0,2
Wettbewerbsvorteil,Wettbewerb,Vorteil,16.0,2
Wettkampfsportart,Wettkampf,Sportart,22.0,2
Wirtschaftsnobelpreisträger,Wirtschaftsnobelpreis,Träger,20.0,2
Wochenendfreizeit,Wochenende,Freizeit,20.0,2
Wochenendgrundstück,Wochenende,Grundstück,21.0,2
Wochenendlehrgang,Wochenende,Lehrgang,21.0,2
Wohnumfeldverbesserung,Wohnumfeld,Verbesserung,20.0,2
Wohnwagenvorzelt,Wohnwagen,Vorzelt,nan,2
Wohnzimmeratmosphäre,Wohnzimmer,Atmosphäre,20.0,2
Wärmedämmmaßnahme,Wärme,Dämmmaßnahme,nan,2
Zahnzwischenraumbürste,Zahnzwischenraum,Bürste,nan,2
Zimmermannsbleistift,Zimmermann,Bleistift,nan,2
Zuckerrohranbau,Zuckerrohr,Anbau,22.0,2
Zuckerrübenanbau,Zuckerrübe,Anbau,21.0,2
Zweitwohnsitzsteuer,Zweitwohnsitz,Steuer,21.0,2
Ölbohrplattform,Öl,Bohrplattform,nan,2
